{"non hierarchical merged.k6": {"rf train": [0.9973050664750269, 0.9974705625817706, 0.9978798586572438, 0.9971371562418669, 0.9976483357452967, 0.9973901696389734, 0.9974021475580187, 0.9971823544950251, 0.9974918718067812, 0.9975692334404028], "rf test": [0.8988919667590027, 0.9486948694869487, 0.9235668789808917, 0.9494756911344138, 0.8598684210526316, 0.9528214616096207, 0.9640077821011673, 0.911402789171452, 0.6802871341800111, 0.9432355723746452]}, "non hierarchical merged.k4": {"rf train": [0.9977542220625225, 0.9975577845617095, 0.997791519434629, 0.997310661924178, 0.997376989869754, 0.9973901696389734, 0.9975753377208174, 0.9976226116051774, 0.9973060845332095, 0.9969615418005036], "rf test": [0.8774238227146814, 0.9243924392439244, 0.9060509554140127, 0.9332697807435653, 0.8118421052631579, 0.9343200740055504, 0.953307392996109, 0.889253486464315, 0.6322473771397018, 0.9262062440870388]}, "non hierarchical merged.k3": {"rf train": [0.9975745598275243, 0.9976450065416484, 0.9977031802120141, 0.9976576732888002, 0.9976483357452967, 0.9973031752936059, 0.9974021475580187, 0.997534560183147, 0.9973060845332095, 0.9973956072575745], "rf test": [0.8552631578947368, 0.9081908190819082, 0.8909235668789809, 0.9285033365109628, 0.780921052631579, 0.9167437557816837, 0.9357976653696498, 0.8638228055783429, 0.6073992269464384, 0.9101229895931883]}, "non hierarchical merged.k5": {"rf train": [0.9976643909450233, 0.9979066724814654, 0.9977031802120141, 0.9973974147653336, 0.9977387843704776, 0.9968682035667682, 0.9974021475580187, 0.9977106630272079, 0.9973989781699953, 0.9973956072575745], "rf test": [0.8933518005540166, 0.9414941494149415, 0.910828025477707, 0.9504289799809342, 0.8467105263157895, 0.9361702127659575, 0.9494163424124513, 0.8982772764561116, 0.6626173384870238, 0.9413434247871334]}, "non hierarchical merged.k2": {"rf train": [0.9973050664750269, 0.996947230702137, 0.9970848056537103, 0.9960961221480004, 0.9969247467438495, 0.9966072205306655, 0.9962764114998268, 0.9977106630272079, 0.9970274036228518, 0.9969615418005036], "rf test": [0.8054016620498615, 0.8838883888388839, 0.8351910828025477, 0.9103908484270734, 0.7263157894736842, 0.879740980573543, 0.9124513618677043, 0.8195242001640689, 0.5692987299834346, 0.8656575212866604]}, "non hierarchical merged.k7": {"rf train": [0.9973948975925261, 0.9972961186218927, 0.9973498233215548, 0.9972239090830225, 0.9967438494934877, 0.9968682035667682, 0.9973155524766193, 0.9976226116051774, 0.9973989781699953, 0.9971351679833319], "rf test": [0.917590027700831, 0.9477947794779478, 0.9323248407643312, 0.9580552907530981, 0.875, 0.9574468085106383, 0.9678988326848249, 0.9122231337161608, 0.6929872998343457, 0.9479659413434248]}, "non hierarchical merged.k1": {"rf train": [0.9819439453826806, 0.9828172699520279, 0.982773851590106, 0.9822156675631127, 0.9836287988422576, 0.9824271422357547, 0.9815552476619328, 0.9817733556396936, 0.9835578262888992, 0.981248372254536], "rf test": [0.6724376731301939, 0.756975697569757, 0.7356687898089171, 0.7874165872259294, 0.6046052631578948, 0.7548566142460684, 0.7908560311284046, 0.694011484823626, 0.4815019326339039, 0.7350993377483444]}}