{"combined_datasets.k6": {"rf train": [0.9973050664750269, 0.9972088966419538, 0.9974381625441696, 0.997310661924178, 0.997286541244573, 0.9972161809482384, 0.99722895739522, 0.9977106630272079, 0.9972131908964236, 0.997221981074746], "rf test": [0.9002770083102493, 0.9414941494149415, 0.9267515923566879, 0.9551954242135366, 0.8565789473684211, 0.9555966697502313, 0.9669260700389105, 0.9089417555373257, 0.676974047487576, 0.9489120151371807]}, "combined_datasets.k4": {"rf train": [0.9970355731225297, 0.9975577845617095, 0.997791519434629, 0.9972239090830225, 0.9976483357452967, 0.9972161809482384, 0.9973155524766193, 0.9977987144492384, 0.9973060845332095, 0.9970483548919177], "rf test": [0.8753462603878116, 0.9270927092709271, 0.9036624203821656, 0.9380362249761678, 0.8177631578947369, 0.937095282146161, 0.9484435797665369, 0.8794093519278097, 0.6322473771397018, 0.9309366130558183]}, "combined_datasets.k3": {"rf train": [0.9975745598275243, 0.9974705625817706, 0.9978798586572438, 0.9975709204476446, 0.9971960926193922, 0.9969551979121357, 0.9974887426394181, 0.9972704059170555, 0.9974918718067812, 0.9968747287090893], "rf test": [0.8518005540166205, 0.9162916291629163, 0.8797770700636943, 0.9313632030505243, 0.7776315789473685, 0.9121184088806661, 0.9357976653696498, 0.8621821164889254, 0.6112644947542794, 0.902554399243141]}, "combined_datasets.k7": {"rf train": [0.9971254042400287, 0.9974705625817706, 0.9975265017667845, 0.9971371562418669, 0.997376989869754, 0.9968682035667682, 0.9966227918254243, 0.997534560183147, 0.9974918718067812, 0.9968747287090893], "rf test": [0.9134349030470914, 0.9486948694869487, 0.927547770700637, 0.9599618684461392, 0.8657894736842106, 0.9528214616096207, 0.9659533073929961, 0.9163248564397046, 0.6902263942573164, 0.9517502365184485]}, "combined_datasets.k2": {"rf train": [0.9973948975925261, 0.9971216746620148, 0.9973498233215548, 0.9969636505595558, 0.9962011577424024, 0.9964332318399304, 0.9961032213370281, 0.9970943030729946, 0.9973060845332095, 0.9970483548919177], "rf test": [0.8095567867036011, 0.873987398739874, 0.8343949044585988, 0.8932316491897044, 0.7309210526315789, 0.8751156336725254, 0.9075875486381323, 0.8219852337981952, 0.57923799006074, 0.8628192999053926]}, "combined_datasets.k1": {"rf train": [0.9829320876751707, 0.9822067160924552, 0.9815371024734982, 0.9820421618808016, 0.9837192474674384, 0.9813832100913441, 0.9826809837201247, 0.9810689442634498, 0.982907570831398, 0.9817692508030211], "rf test": [0.6648199445983379, 0.7533753375337534, 0.7189490445859873, 0.786463298379409, 0.5973684210526315, 0.7613320999074931, 0.7889105058365758, 0.7063166529942576, 0.47763666482606293, 0.7246925260170294]}, "combined_datasets.k5": {"rf train": [0.9970355731225297, 0.9976450065416484, 0.9972614840989399, 0.9967033920360892, 0.9975578871201157, 0.9975641583297086, 0.99722895739522, 0.997534560183147, 0.9971202972596377, 0.9973956072575745], "rf test": [0.8975069252077562, 0.936993699369937, 0.9164012738853503, 0.9485224022878932, 0.8447368421052631, 0.937095282146161, 0.9591439688715954, 0.8941755537325676, 0.6626173384870238, 0.9385052034058656]}}