{"combined_datasets.k4": {"svm test": [0.9484752891692955,
				       0.9020950846091862,
				       0.9458502024291497,
				       0.7724381625441696,
				       0.9587973273942093,
				       0.929636533084809,
				       0.9598562013181546,
				       0.9391534391534392,
				       0.9372750642673522,
				       0.9569321533923304],
			 "svm train": [0.996581474849422,
			 	       0.9968625693316152,
			    	       0.9962952873876328,
				       0.9965716244786013,
				       0.9963852171567306,
				       0.9963706351388507,
				       0.9964098167398993,
				       0.996800607342335,
				       0.9966822582399651,
				       0.9963511483150891]}, 
"combined_datasets.k1": {"svm test": [0.3753943217665615,
				   0.2977437550362611,
				   0.36639676113360325,
				   0.2480565371024735,
				   0.3986636971046771,
				   0.32199440820130476,
				   0.42600359496704615,
				   0.36455026455026457,
				   0.3506426735218509,
				   0.40117994100294985], 
			 "svm train": [0.3445656302566607,
				   0.3572749173623172,
				   0.34688095886679376,
				   0.3692360436546483,
				   0.34653358510925275,
				   0.3506186417376959,
				   0.34551495016611294,
				   0.34548018003362074,
				   0.3465680409006853,
				   0.3447628246404808]}, 
"combined_datasets.k5": {"svm test": [0.9511041009463722,
				   0.9069298952457695,
				   0.9519230769230769,
				   0.7791519434628975,
				   0.9638084632516704,
				   0.9361602982292637,
				   0.9616536848412223,
				   0.9412698412698413,
				   0.9413881748071979,
				   0.9575221238938053], 
			"svm train": [0.9973954094090836,
				   0.9973667992604628,
				   0.9971125034050667,
				   0.997257299582881,
				   0.9970865929322903,
				   0.9969755292823755,
				   0.997160004286786,
				   0.9973428772843121,
				   0.9974980963776787,
				   0.9970487229019103]},
"combined_datasets.k2": {"svm test": [0.8012618296529969,
				   0.636986301369863,
				   0.7611336032388664,
				   0.5321554770318021,
				   0.8034521158129176,
				   0.6961789375582479,
				   0.8376273217495507,
				   0.7518518518518519,
				   0.7280205655526992,
				   0.8029498525073746], 
			"svm train": [0.7570676650930599,
				   0.7660373130147348,
				   0.7561427403977118,
				   0.7864122050168562,
				   0.7553817102778527,
				   0.7600769865273577,
				   0.7557067838388168,
				   0.757605335936229,
				   0.7593277493745241,
				   0.756546469199399]}, 
"combined_datasets.k6": {"svm test": [0.9516298633017876,
				   0.9061240934730056,
				   0.9529352226720648,
				   0.7802120141342757,
				   0.9671492204899778,
				   0.9380242311276794,
				   0.9604553624925105,
				   0.9417989417989417,
				   0.9413881748071979,
				   0.9563421828908555], 
			"svm train": [0.997449671713061,
				   0.9973667992604628,
				   0.9971669844728956,
				   0.9973144391749043,
				   0.9970865929322903,
				   0.9970305196590596,
				   0.9972135891115637,
				   0.9973428772843121,
				   0.9975524855868596,
				   0.9971023824855119]}, 
"combined_datasets.k7": {"svm test": [0.9484752891692955,
				   0.8988718775181306,
				   0.9534412955465587,
				   0.7756183745583038,
				   0.9632516703786191,
				   0.9315004659832246,
				   0.9592570401437986,
				   0.9391534391534392,
				   0.9367609254498714,
				   0.9539823008849557], 
			"svm train": [0.997449671713061,
				   0.9973667992604628,
				   0.9971669844728956,
				   0.9973144391749043,
				   0.9970865929322903,
				   0.9970305196590596,
				   0.9972135891115637,
				   0.9973428772843121,
				   0.9975524855868596,
				   0.9971023824855119]},
"combined_datasets.k3": {"svm test": [0.9395373291272345,
				   0.8690572119258663,
				   0.9271255060728745,
				   0.7469964664310954,
				   0.9448775055679287,
				   0.9082013047530288,
				   0.9496704613541043,
				   0.9206349206349206,
				   0.9203084832904884,
				   0.9392330383480826], 
			"svm train": [0.9794345867925552,
				   0.979998879489047,
				   0.9800599291746118,
				   0.9805153991200503,
				   0.9801996223361209,
				   0.9802034643937311,
				   0.9802807844818348,
				   0.9800986931294399,
				   0.9792777113020776,
				   0.9796093582313802]}}
