{"1": {"rf test": [0.7076761303890642, 0.5991136180499597, 0.6826923076923077, 0.5024734982332155, 0.7104677060133631, 0.6435228331780056, 0.7345715997603355, 0.6761904761904762, 0.6524421593830334, 0.7073746312684366], "rf train": [0.978512127624939, 0.9788223429884028, 0.9787523835467176, 0.978629792583281, 0.9789047747504721, 0.9781688204564202, 0.977119279819955, 0.9797191041700558, 0.9795496573479822, 0.9790191028117622]}, "2": {"rf test": [0.841745531019979, 0.7320709105560033, 0.8183198380566802, 0.6243816254416961, 0.8619153674832962, 0.7875116495806151, 0.8562013181545836, 0.8206349206349206, 0.8149100257069408, 0.8560471976401179], "rf train": [0.9949536057300993, 0.9947335985209256, 0.9942250068101335, 0.9945717387577853, 0.9945508497437281, 0.9946659334616442, 0.9941056692744614, 0.9934385337020769, 0.9940715761992821, 0.9940974458038205]}, "3": {"rf test": [0.898527865404837, 0.7896857373086221, 0.8800607287449392, 0.6784452296819788, 0.9136971046770601, 0.8527493010251631, 0.9149191132414619, 0.873015873015873, 0.867866323907455, 0.9014749262536873], "rf train": [0.9961473764176026, 0.9957420583786206, 0.9956415145736857, 0.9957716701902748, 0.9957377933639061, 0.9949408853450646, 0.9949094416461258, 0.9957160674583808, 0.9960839769389753, 0.995492594977463]}, "4": {"rf test": [0.9153522607781283, 0.8263497179693795, 0.9038461538461539, 0.7095406360424028, 0.9287305122494433, 0.8779123951537745, 0.9352905931695626, 0.8994708994708994, 0.8910025706940874, 0.9303834808259587], "rf train": [0.9960388518096478, 0.9956300072833212, 0.9956959956415146, 0.9957145305982515, 0.9956838413811707, 0.995270827605169, 0.995606044368235, 0.9955533864757876, 0.9959751985206136, 0.9956535737282679]}, "5": {"rf test": [0.9290220820189274, 0.8537469782433521, 0.9180161943319838, 0.7353356890459364, 0.9465478841870824, 0.8998136067101584, 0.9466746554823248, 0.9174603174603174, 0.9084832904884319, 0.935693215339233], "rf train": [0.9957675402897607, 0.9953498795450726, 0.9954780713701988, 0.9955431118221816, 0.9955759374157, 0.9953808083585373, 0.9950701961204587, 0.9957702944525785, 0.9958664201022517, 0.9952779566430564]}, "6": {"rf test": [0.9421661409043113, 0.8686543110394843, 0.9291497975708503, 0.7434628975265017, 0.9443207126948775, 0.9086672879776329, 0.9478729778310365, 0.9206349206349206, 0.9213367609254499, 0.9392330383480826], "rf train": [0.9958760648977155, 0.9950137262591742, 0.9952056660310542, 0.9955431118221816, 0.9955219854329647, 0.994555952708276, 0.995606044368235, 0.9953364784989968, 0.9955944740563473, 0.9952779566430564]}, "7": {"rf test": [0.937434279705573, 0.8759065269943593, 0.9342105263157895, 0.7551236749116608, 0.9487750556792873, 0.9100652376514445, 0.9526662672258838, 0.9243386243386243, 0.9254498714652957, 0.9421828908554573], "rf train": [0.9954962287698735, 0.9954059050927223, 0.9949332606919096, 0.9958859493743215, 0.994982465605611, 0.9948309045916964, 0.9948558568213481, 0.9953907054931945, 0.9952681388012619, 0.9946877012234385]}}